Air conditioner,Product_images/air_conditioner.jpeg
Air conditioner,Product_images/air_conditioner1.jpeg
Air conditioner,Product_images/air_conditioner2.jpeg
Air conditioner,Product_images/air_conditioner3.jpeg
Apple Watch,Product_images/apple_902Yigu.jpg
Apple Watch,Product_images/apple.jpg
Apple Watch,Product_images/apple1.jpg
Beer,Product_images/beer.jpeg
Beer,Product_images/beer1.jpeg
Beer,Product_images/beer2.jpeg
Beer,Product_images/beer3.jpeg
Belt,Product_images/belt.jpeg
Belt,Product_images/belt1.jpeg
Belt,Product_images/belt2.jpeg
Belt,Product_images/belt3.jpeg
Biscuits,Product_images/biscuit1.jpeg
Biscuits,Product_images/biscuit2.jpeg
Biscuits,Product_images/biscuit3.jpg
Biscuits,Product_images/Biscuits.jpeg
BoAt Headphones,Product_images/boat_3rE80Hk_bjcFeuM.jpg
BoAt Headphones,Product_images/boat_3rE80Hk.jpg
BoAt Headphones,Product_images/boAT.jpg
Bracelet,Product_images/bracelet.jpeg
Bracelet,Product_images/bracelet1.jpeg
Bracelet,Product_images/bracelet2.jpeg
Bracelet,Product_images/bracelet3.jpeg
Breads,Product_images/bread.jpeg
Breads,Product_images/bread1.jpeg
Breads,Product_images/bread2.jpeg
Breads,Product_images/bread3.jpeg
Calender,Product_images/calander1.jpeg
Calender,Product_images/calander2.jpeg
Calender,Product_images/calander3.jpeg
Calculator,Product_images/calculator.jpeg
Calculator,Product_images/calculator1.jpeg
Calculator,Product_images/calculator2.jpg
Calculator,Product_images/calculator3.jpeg
Calender,Product_images/calender.jpeg
Camera,Product_images/camera.jpeg
Camera,Product_images/camera1.jpeg
Camera,Product_images/camera2.jpeg
Camera,Product_images/camera3.jpeg
Caps,Product_images/caps.jpeg
Caps,Product_images/caps1.jpeg
Caps,Product_images/caps2.jpeg
Caps,Product_images/caps3.jpeg
Cassette tapes,Product_images/cassette.jpeg
Cassette tapes,Product_images/cassette1.jpeg
Cassette tapes,Product_images/cassette2.jpeg
Cassette tapes,Product_images/cassette3.jpeg
CCTV camera,Product_images/cctv_camera.jpeg
CCTV camera,Product_images/cctv_camera1.jpeg
CCTV camera,Product_images/cctv_camera2.jpeg
CCTV camera,Product_images/cctv_camera4.jpeg
Cassette tapes,Product_images/cd_player.jpeg
Cassette tapes,Product_images/cd_player1.jpeg
Cassette tapes,Product_images/cd_player2.jpeg
Cassette tapes,Product_images/cd_player3.jpeg
Cheese,Product_images/cheese.jpeg
Cheese,Product_images/cheese1.jpeg
Cheese,Product_images/cheese2.jpg
Cheese,Product_images/cheese3.jpg
Chocolates,Product_images/chocolate.jpeg
Chocolates,Product_images/chocolate1.jpeg
Chocolates,Product_images/chocolate2.jpeg
Chocolates,Product_images/chocolate3.jpeg
Coffee,Product_images/coffee_2nHSWVK.jpg
Coffee,Product_images/coffee_xDOrBc6.jpg
Coffee,Product_images/coffee.jpeg
Coffee,Product_images/coffee.jpg
Coffee,Product_images/coffee1.jpeg
Coffee,Product_images/coffee2.jpg
Coffee,Product_images/coffee3.jpg
Coffee,Product_images/coffeee_9AFhIlT.jpg
Coffee,Product_images/coffeee_t4lb7Vp.jpg
Coffee,Product_images/coffeee_XGf98YC.jpg
Coffee,Product_images/coffeee.jpg
Comb,Product_images/comb.jpeg
Comb,Product_images/comb1.jpg
Comb,Product_images/comb2.jpg
Comb,Product_images/comb3.jpg
Correction fluid,Product_images/correction_fluid.jpeg
Correction fluid,Product_images/correction_fluid1.jpeg
Correction fluid,Product_images/correction_fluid2.jpeg
Correction fluid,Product_images/correction_fluid3.jpeg
Deodorant,Product_images/deo.jpeg
Deodorant,Product_images/deo1.jpeg
Deodorant,Product_images/deo2.jpeg
Deodorant,Product_images/deo3.jpeg
Detergent,Product_images/Detergent.jpeg
Detergent,Product_images/Detergent1.jpeg
Detergent,Product_images/Detergent2.jpeg
Detergent,Product_images/Detergent3.jpeg
Dress,Product_images/dress.jpeg
Dress,Product_images/dress1.jpeg
Dress,Product_images/dress2.jpeg
Dress,Product_images/dress3.jpeg
Drinks,Product_images/drinks.jpeg
Drinks,Product_images/drinks1.jpeg
Drinks,Product_images/drinks2.jpeg
Drinks,Product_images/drinks3.jpeg
Earrings,Product_images/earrings.jpeg
Earrings,Product_images/earrings1.jpeg
Earrings,Product_images/earrings2.jpeg
Earrings,Product_images/earrings3.jpeg
Eraser,Product_images/eraser.jpeg
Eraser,Product_images/eraser1.jpeg
Eraser,Product_images/eraser2.jpeg
Eraser,Product_images/eraser3.jpeg
Face Powder,Product_images/face_powder.jpeg
Face Powder,Product_images/face_powder1.jpeg
Face Powder,Product_images/face_powder2.jpeg
Face Powder,Product_images/face_powder3.jpeg
Face wash,Product_images/facewash.jpeg
Face wash,Product_images/facewash1.jpeg
Face wash,Product_images/facewash2.jpeg
Face wash,Product_images/facewash3.jpeg
Fan,Product_images/fan.jpeg
Fan,Product_images/fan1.jpeg
Fan,Product_images/fan2.jpeg
Fan,Product_images/fan3.jpeg
Fats,Product_images/fats.jpeg
Fats,Product_images/fats1.jpeg
Fats,Product_images/fats2.jpeg
Fats,Product_images/fats3.jpeg
Flour,Product_images/flour.jpeg
Flour,Product_images/flour1.jpeg
Flour,Product_images/flour2.jpeg
Flour,Product_images/flour3.jpeg
Focus lamp,Product_images/focus_lamp.jpeg
Focus lamp,Product_images/focus_lamp1.jpeg
Focus lamp,Product_images/focus_lamp2.jpeg
Focus lamp,Product_images/focus_lamp3.jpeg
Folder per subject,Product_images/folder_per_subject.jpg
Folder per subject,Product_images/folder_per_subject1.jpeg
Folder per subject,Product_images/folder_per_subject2.jpeg
Folder per subject,Product_images/folder_per_subject3.jpeg
Green tea,Product_images/green_tea_1.jpeg
Green tea,Product_images/green_tea.jpeg
Green tea,Product_images/green_tea2.jpeg
Green tea,Product_images/green_tea3.jpeg
Hair Oils,Product_images/hair_oils.jpg
Hair Oils,Product_images/hair_oils1.jpeg
Hair Oils,Product_images/hair_oils2.jpeg
Hair Oils,Product_images/hair_oils3.jpeg
Hair wax,Product_images/hair_wax.jpeg
Hair wax,Product_images/hair_wax1.jpeg
Hair wax,Product_images/hair_wax2.jpeg
Hair wax,Product_images/hair_wax3.jpg
Health Drinks,Product_images/health_drink1.jpg
Health Drinks,Product_images/health_drink2.jpg
Health Drinks,Product_images/health_drink3.jpg
Health Drinks,Product_images/health_drinks.jpeg
High-heeled shoes,Product_images/high_heel.jpeg
High-heeled shoes,Product_images/high_heel1.jpeg
High-heeled shoes,Product_images/high_heel2.jpeg
High-heeled shoes,Product_images/high_heel3.jpeg
Hoodies,Product_images/hoodies1.jpg
Hoodies,Product_images/hoodies2.jpg
Hoodies,Product_images/hoodies3.jpg
HP Laptop,Product_images/hp.jpg
HP Laptop,Product_images/hp.png
HP Laptop,Product_images/hp1_1lUtMdY.jpg
Ice-cream,Product_images/ice_cream.jpeg
Ice-cream,Product_images/ice_cream1.jpeg
Ice-cream,Product_images/ice_cream2.jpeg
Ice-cream,Product_images/ice_cream3.jpeg
Index cards,Product_images/index_cards.jpeg
Index cards,Product_images/index_cards1.jpeg
Index cards,Product_images/index_cards2.jpeg
Index cards,Product_images/index_cards3.jpeg
Ink,Product_images/ink.jpeg
Ink,Product_images/ink1.jpeg
Ink,Product_images/ink2.jpeg
Ink,Product_images/ink3.jpeg
Iron,Product_images/iron.jpeg
Iron,Product_images/iron1.jpeg
Iron,Product_images/iron2.jpeg
Iron,Product_images/iron3.jpeg
Ketchup,Product_images/Ketchup.jpeg
Ketchup,Product_images/ketchup1.jpeg
Ketchup,Product_images/ketchup2.jpeg
Ketchup,Product_images/ketchup3.jpeg
Laptop,Product_images/laptop.jpeg
Laptop,Product_images/laptop1.jpeg
Laptop,Product_images/laptop2.jpeg
Laptop,Product_images/laptop3.jpeg
Leggings,Product_images/leggings1.jpeg
Leggings,Product_images/leggings2.jpeg
Leggings,Product_images/leggings3.jpeg
Lipstick,Product_images/Lipstick.jpeg
Lipstick,Product_images/Lipstick1.jpeg
Lipstick,Product_images/lipstick2.jpeg
Lipstick,Product_images/Lipstick3.jpeg
Lotion,Product_images/lotion.jpeg
Lotion,Product_images/lotion1.jpg
Lotion,Product_images/lotion2.jpg
Lotion,Product_images/lotion3.jpg
Makeup brush,Product_images/makeup_brush.jpg
Makeup brush,Product_images/makeup_brush1.jpeg
Makeup brush,Product_images/makeup_brush2.jpg
Makeup brush,Product_images/makeup_brush3.jpg
Milk,Product_images/milk.jpeg
Milk,Product_images/milk1.jpeg
Milk,Product_images/milk2.jpeg
Milk,Product_images/milk3.jpeg
Namkeen,Product_images/namkeen.jpeg
Namkeen,Product_images/namkeen1.jpeg
Namkeen,Product_images/namkeen2.jpeg
Namkeen,Product_images/namkeen3.jpeg
Necklace,Product_images/necklace.jpeg
Necklace,Product_images/necklace1.jpeg
Necklace,Product_images/necklace2.jpeg
Necklace,Product_images/necklace3.jpeg
Night suit,Product_images/night_suit.jpeg
Night suit,Product_images/night_suit1.jpeg
Night suit,Product_images/night_suit2.jpeg
Night suit,Product_images/night_suit3.jpeg
Noodles,Product_images/noodles.jpeg
Noodles,Product_images/noodles1.jpeg
Noodles,Product_images/noodles2.jpeg
Noodles,Product_images/noodles3.jpeg
Notebooks,Product_images/notebook.jpg
Notebooks,Product_images/notebooks.jpeg
Notebooks,Product_images/notebooks1.jpeg
Notebooks,Product_images/notebooks2.jpeg
Notebooks,Product_images/notebooks3.jpeg
Oats,Product_images/oats.jpeg
Oats,Product_images/oats1.jpeg
Oats,Product_images/oats2.jpeg
Oats,Product_images/oats3.jpeg
Oven,Product_images/oven.jpeg
Oven,Product_images/oven1.jpeg
Oven,Product_images/oven2.jpeg
Oven,Product_images/oven3.jpeg
Pens & highlighters,Product_images/pen_highlighter.jpeg
Pens & highlighters,Product_images/highlighter1.jpeg
Pens & highlighters,Product_images/highlighter2.jpeg
pens & highlighters,Product_images/highlighter3.jpeg
Photocopy machine,Product_images/photocopymachine.jpeg
Photocopy machine,Product_images/photocopymachine1.jpeg
Photocopy machine,Product_images/photocopymachine2.jpeg
Photocopy machine,Product_images/photocopymachine3.jpeg
Piano,Product_images/piano.jpeg
Piano,Product_images/piano1.jpeg
Piano,Product_images/piano2.jpeg
Piano,Product_images/piano3.jpeg
Projector,Product_images/projector.jpeg
Projector,Product_images/projector1.jpeg
Projector,Product_images/projector2.jpeg
Projector,Product_images/projector3.jpeg
Radio,Product_images/radio.jpeg
Radio,Product_images/radio1.jpeg
Radio,Product_images/radio2.jpeg
Radio,Product_images/radio3.jpeg
Refrigerator,Product_images/refridgerator.jpeg
Refrigerator,Product_images/refridgerator1.jpeg
Refrigerator,Product_images/refridgerator2.jpeg
Refrigerator,Product_images/refridgerator3.jpeg
Rice,Product_images/rice.jpeg
Rice,Product_images/rice1.jpeg
Rice,Product_images/rice2.jpeg
Rice,Product_images/rice3.jpeg
Ring binder & dividers,Product_images/ring_binder.jpeg
Ring binder & dividers,Product_images/ring_binder1.jpeg
Ring binder & dividers,Product_images/ring_binder2.jpeg
Ring binder & dividers,Product_images/ring_binder3.jpeg
Ring ,Product_images/ring.jpeg
Ring ,Product_images/ring1.jpeg
Ring ,Product_images/ring2.jpeg
Ring,Product_images/ring3.jpeg
Room Fresher,Product_images/room_fresher.jpeg
Room Fresher,Product_images/room_freshner1.jpeg
Room Fresher,Product_images/room_freshner2.jpeg
Room Fresher,Product_images/room_freshner3.jpeg
Rubber stamp,Product_images/rubber_stamp.jpeg
Rubber stamp,Product_images/rubber_stamp1.jpeg
Rubber stamp,Product_images/rubber_stamp2.jpeg
Rubber stamp,Product_images/rubber_stamp3.jpg
Samsung TV,Product_images/samsung.jpg
Samsung TV,Product_images/samsung1.jpg
Samsung TV,Product_images/samsungtv.jpeg
Saree,Product_images/saree.jpeg
Saree,Product_images/saree1.jpeg
Saree,Product_images/saree2.jpeg
Saree,Product_images/saree3.jpg
Scrub,Product_images/scrub.jpeg
Scrub,Product_images/scrub1.jpeg
Scrub,Product_images/scrub2.jpeg
Scrub,Product_images/scrub3.jpeg
Shampoo,Product_images/Shampoo.jpeg
Shampoo,Product_images/shampoo1.jpeg
Shampoo,Product_images/shampoo2.jpeg
Shampoo,Product_images/shampoo3.jpeg
Shaving Cream,Product_images/shaving_cream.jpeg
Shaving Cream,Product_images/shaving_cream1.jpeg
Shaving Cream,Product_images/shaving_cream2.jpeg
Shaving Cream,Product_images/shaving_cream3.jpeg
Shoes,Product_images/shoes.jpeg
Shoes,Product_images/shoes1.jpeg
Shoes,Product_images/shoes2.jpeg
Shoes,Product_images/shoes3.jpeg
Shorts,Product_images/shorts.jpeg
Shorts,Product_images/shorts1.jpeg
Shorts,Product_images/shorts2.jpeg
Shorts,Product_images/shorts3.jpeg
Skin-care Cream,Product_images/skin_care_cream.jpeg
Skin-care Cream,Product_images/skin_care_cream1.jpeg
Skin-care Cream,Product_images/skin_care_cream2.jpeg
Skin-care Cream,Product_images/skin_care_cream3.jpeg
Skirt,Product_images/skirt.jpeg
Skirt,Product_images/skirt1.jpeg
Skirt,Product_images/skirt2.jpeg
Skirt,Product_images/skirt3.jpeg
Smartwatches,Product_images/smartwatches.jpeg
Smartwatches,Product_images/smartwatches1.jpeg
Smartwatches,Product_images/smartwatches2.jpeg
Smartwatches,Product_images/smartwatches3.jpeg
Soap,Product_images/soap.jpeg
Soap,Product_images/soap1.jpeg
Soap,Product_images/soap2.jpeg
Soap,Product_images/soap3.jpeg
Socks,Product_images/socks.jpeg
Socks,Product_images/socks1.jpeg
Socks,Product_images/socks2.jpeg
Socks,Product_images/socks3.jpeg
Sound system,Product_images/sound_system.jpeg
Sound system,Product_images/sound_system1.jpeg
Sound system,Product_images/sound_system2.jpeg
Sound system,Product_images/sound_system3.jpeg
Soups,Product_images/soup.jpeg
Soups,Product_images/soup1.jpeg
Soups,Product_images/soup2.jpeg
Soups,Product_images/soup3.jpeg
Stapler & clip set,Product_images/stapler.jpeg
Stapler & clip set,Product_images/stapler1.jpeg
Stapler & clip set,Product_images/stapler2.jpeg
Stapler & clip set,Product_images/stapler3.jpeg
Sticky labels,Product_images/sticky_labels.jpeg
Sticky labels,Product_images/sticky_labels1.jpeg
Sticky labels,Product_images/sticky_labels2.jpeg
Sticky labels,Product_images/sticky_labels3.jpeg
Suits for men,Product_images/suits_for_men.jpeg
Suits for men,Product_images/suits_for_men1.jpeg
Suits for men,Product_images/suits_for_men2.jpeg
Suits for men,Product_images/suits_for_men3.jpeg
Sunglasses,Product_images/sunglasses.jpg
Sunglasses,Product_images/sunglasses1.jpeg
Sunglasses,Product_images/sunglasses2.jpeg
Sunglasses,Product_images/sunglasses3.jpeg
Tea,Product_images/tea.jpeg
Tea,Product_images/tea1.jpeg
Tea,Product_images/tea2.jpeg
Tea,Product_images/tea3.jpeg
Toothpaste,Product_images/toothpaste.jpeg
Toothpaste,Product_images/toothpaste1.jpeg
Toothpaste,Product_images/toothpaste2.jpeg
Toothpaste,Product_images/toothpaste3.jpeg
Tracksuit,Product_images/tracksuit.jpeg
Tracksuit,Product_images/tracksuit.jpg
Tracksuit,Product_images/trackuit1.jpg
Tracksuit,Product_images/trackuit2.jpg
Trimmer,Product_images/trimmer.jpeg
Trimmer,Product_images/trimmer1.jpeg
Trimmer,Product_images/trimmer2.jpeg
Trimmer,Product_images/trimmer3.jpeg
TV,Product_images/tv.jpeg
TV,Product_images/tv1.jpeg
TV,Product_images/tv2.jpeg
TV,Product_images/tv3.jpeg
USB/Flash drive,Product_images/usb_drive.jpeg
USB/Flash drive,Product_images/usb_drive1.jpeg
USB/Flash drive,Product_images/usb_drive2.jpeg
USB/Flash drive,Product_images/usb_drive3.jpeg
Vodka,Product_images/vodka.jpeg
Vodka,Product_images/vodka1.jpeg
Vodka,Product_images/vodka2.jpeg
Vodka,Product_images/vodka3.jpeg
Wall-watch,Product_images/wall_watch.jpeg
Wall-watch,Product_images/wall_watch1.jpg
Wall-watch,Product_images/wall_watch2.jpeg
Wall-watch,Product_images/wall_watch3.jpeg
Wallets,Product_images/wallet_1.jpeg
Wallets,Product_images/wallet_2.jpeg
Wallets,Product_images/wallet.jpeg
Wallets,Product_images/wallet3.jpeg
Water cooler,Product_images/water_cooler.jpeg
Water cooler,Product_images/water_cooler1.jpeg
Water cooler,Product_images/water_cooler2.jpeg
Water cooler,Product_images/water_cooler3.jpeg
Whisky,Product_images/whiskey1.jpeg
Whisky,Product_images/whiskey2.jpeg
Whisky,Product_images/whiskey3.jpeg
Whisky,Product_images/Whisky.jpeg
White Papers,Product_images/white_papers.jpeg
White Papers,Product_images/white_papers1.jpeg
White Papers,Product_images/white_papers2.jpeg
White Papers,Product_images/white_papers3.jpeg